,sleep,fowg,wtshdiss,badperson,eat_public,eat_worry,anxiety,worthless,restrict,desirethin,overvalwtsh,reject,mistakes,highstand,iuc,saa,intrus_thought,fearloc,bodydiss,ineffective,food_intrus,guilty,shame,sad,si,thought_death,scared,feelfat,tired,agitated,relax,urge_restrict,stress,skipmeal,foodrules,vomit,laxdiur,binge,bodycheck,impulse,exercise,compulsion,avoid_food,selfharm,hunger_anx,smallportion,drink_public,avoid_emo,avoid_sit,emo_overwhelm,eat_anx,rumination,heartrace,physsens_eat,attn_others,worryoverwhelm,physsens,socialanx,sens_body,ridthoughts,memories,chewspit
HR_Mean,0.13254385854363707,-0.022359785390733515,-0.32742717080801637,-0.1330529045080697,-0.028860594799042856,0.08473172418875216,-0.06929327107592756,-0.05914464366082161,-0.04594559396569578,-0.010365107857574312,0.0477052333456699,0.0015623465361094741,-0.039853274235304936,-0.00025907766407423156,-0.07177569164176076,-0.1680370071902876,-0.22281244357153948,-0.07082596600550632,0.08988510103348706,-0.10027280469782354,-0.21108527069140762,0.01341935917617352,0.04853487652914973,0.10222854265912219,,,0.16021887025692944,0.0631542076901746,0.06636320479124005,0.021331344748976702,-0.036190259620171895,0.05475299192402788,-0.0010984144911655883,0.07802740020399977,0.06383136640238947,-0.030772689802426798,,-0.09466561150482057,0.12773874469781707,-0.043120147978910194,0.21155765105882812,0.21164785924922683,0.07239865782806021,-0.04709949696079539,0.042195151215687794,0.09635320515572106,-0.11313393136859719,-0.08935033399130796,-0.004481896142268975,-0.03186778815466433,-0.041973102255656626,-0.1965398427301817,0.041537876455627586,-0.023923340599600322,-0.18720507816776438,-0.21630259377059924,-0.061863581513002544,-0.009624041639858121,-0.035583976798444536,-0.029109148004827713,-0.1407202562144449,
HR_Minimum,0.050297505404529305,-0.008543292360007136,-0.19266507751406323,-0.17326325505664714,-0.02937449452880724,0.1696626396418619,0.07959177780548211,-0.05771457830865571,0.015573476594257205,0.0560190025889957,0.13680004019750183,0.10732708328505691,-0.02672060244157406,0.019438028191064615,0.0008310365391548807,-0.15609470592159128,-0.10618289929765422,0.08041051369102407,0.15621975172965943,-0.09462604287660598,-0.0714484903476272,0.02479271804177697,0.05588418758001317,0.10857178764909331,,,0.21794938323901958,0.07423354883050534,0.06521240465078584,0.06840310330627765,0.016950933319647882,0.06359651625522086,-0.03362873756685982,0.13145150275687711,0.14538912929009776,-0.007950572918228012,,-0.041214810842861584,0.17818588670247834,0.010459953831357225,0.24923583579031713,0.22669516104982515,0.12812886807489168,-0.10424970707790257,0.03369092412936246,0.17489049386748964,-0.12385893262624273,-0.01566177457428534,0.00851390143527794,0.03131310475663318,-0.003726427373410018,-0.0626426058249693,0.05298228255171828,0.011836682020805392,-0.1947135796884321,-0.037388798282382486,0.06281379372072442,0.01521999533932463,0.013701757016847381,0.05757063984032078,-0.01572207829712002,
HR_Stdev,0.014028335583666663,0.04470110234173732,-0.0643077794825798,0.02949307689516808,0.09590449714945805,0.038348549727109764,-0.11078763808865566,0.17558411888831374,-0.07341346853887798,-0.00860958489193009,-0.12714139912008748,0.00042088579408930963,-0.046201834385258475,0.042487145075855326,-0.05363062633279289,0.048037533942003774,-0.014272419562040181,-0.07120465259101114,0.07525702214067462,0.11716909245124003,-0.09130098027645517,0.0747511341664143,0.08402513481688803,0.057052233295315245,,,0.025548158789948833,0.0075206212810827,0.07053115164024756,0.04655530914468241,-0.13251425410006198,-0.08006094918517563,0.03905879351686138,-0.09005592911600327,-0.10032589357024474,-0.06681287887198019,,-0.04909697174293386,-0.0733585971320779,-0.1022746390667204,-0.10011244122837881,0.13457147800862965,-0.023052733427975796,0.1280004383497054,0.0738843181846528,-0.05943205834620868,0.015445076190795774,-0.04434676705332723,0.08198311036366336,-0.062127605401389265,-0.0997495036831967,0.02900736138330653,0.05560685259376298,-0.11256936633441059,0.0941954318626565,-0.08480375642823462,-0.1192539153506977,-5.6918921257419966e-05,-0.06601838011841527,0.048711789339324296,0.03267437908765097,
HR_RMS,0.1288597287930129,-0.01790009368555824,-0.3218215904583857,-0.12878872497236973,-0.022226300871074554,0.08787985003467484,-0.07074523885229093,-0.047641753570906914,-0.048723325411506264,-0.0100955413736491,0.042097620467643995,0.0021073250673626577,-0.03998850468670681,0.004942838457474331,-0.07189500091428586,-0.16165683798206862,-0.21747404978970034,-0.0707708390001299,0.0937650243962938,-0.09099584752846968,-0.21001876220450613,0.01699624809343862,0.051110427645837335,0.10592604545133963,,,0.1606685036261521,0.06416946361459189,0.07060728474791039,0.02463531805514843,-0.039788832842374236,0.050362867726767596,0.0038925747535101096,0.0713339962065771,0.05629839167157916,-0.03430721785225531,,-0.09435994241168846,0.12173127442650283,-0.04821760262349179,0.20192907754674158,0.21576099168711074,0.06992885190723663,-0.03727875058912261,0.04599576742520853,0.09283892738572744,-0.11060801048811011,-0.08825365438710578,0.0011314665537855851,-0.032591434908560306,-0.047469662485571634,-0.18837231497526766,0.04575420363720887,-0.030208710110059295,-0.1770711058656554,-0.21490289069581867,-0.06724117721813663,-0.009099650865326575,-0.03682603397438707,-0.024002755940942828,-0.13388134259846832,
HR_MAD,0.028359327832662755,0.02872586963742109,-0.03433914058720359,0.0476285590212085,0.0979929041240186,0.044225154351353484,-0.12170019111363369,0.20383587311187734,-0.06815703239024738,0.00369643975567962,-0.1295934343374937,0.016878576001070133,-0.04450782833928683,0.006711707693616597,-0.06772425041402247,0.0742062913516782,0.0077569596277488,-0.0446880420916976,0.09504102456588084,0.137305479650233,-0.062483456836684374,0.09173773383827162,0.10744343835241836,0.04701453207484214,,,0.03569167629334167,-0.011590832587264096,0.03328268583208952,0.0772104033402143,-0.12788686114487924,-0.06979287054539873,0.023846505482897372,-0.10246182299224317,-0.09876810155560646,-0.05705997558510385,,-0.054501966571149627,-0.08715077050627858,-0.08040414376267835,-0.11830114697810372,0.11757585223329195,-0.004057352073857804,0.14521152456055994,0.06618733823519221,-0.055105033624822004,0.02497974046051034,-0.016073961421880237,0.0928792254805851,-0.06103073640672424,-0.10096917613569277,0.04995915805516281,0.09027714360056996,-0.09905881106466706,0.09173329863547969,-0.0540807895568733,-0.1073137189717102,0.020349058294923065,-0.07163069901603714,0.06688382995388806,0.05368140397169554,
HR_MAV,0.01836564119273439,0.03727855619026611,-0.20152722503928308,-0.0934276017939132,0.07327124574142857,0.12672484064448186,-0.04800293537795453,0.048558348305839945,-0.05386818318198287,0.005484401192600918,-0.040950395194559466,0.05103449326142546,-0.07570756805412804,0.0676369545678388,-0.04489480059489387,-0.10734257921387633,-0.10231496166274918,-0.06137099820899724,0.14295729359366394,0.01683286256749526,-0.15677609246499113,0.05253589940785186,0.08036101276253674,0.11872881408518686,,,0.14433108570995423,0.07691206100438186,0.1411442963776008,0.0461282901824591,-0.10605736597356993,-0.028187893689183764,0.011272286598349475,0.016126396906030092,0.028516102580743625,-0.057786981705029196,,-0.05814674360009831,0.05683073137596021,-0.10575937135393497,0.0954933199144495,0.2608550215565912,0.04518985990604968,0.019440727980421433,0.08610742435588672,0.040219423693758416,-0.07849051136080483,-0.08849372044764406,0.05463080536528499,-0.062101612770316804,-0.065953203659243,-0.03577075443295434,0.02611255643839528,-0.08767884230756177,-0.04726476178682418,-0.118563017034638,-0.039555789550696815,0.006842286899772325,-0.04347028968581499,0.060804924889618445,-0.004698338690635907,
HR_Median,0.15423056761787104,-0.020366229721419018,-0.34920661060897085,-0.1017782765466009,-0.05230409103324933,0.061486831896325894,-0.09115836492897364,-0.08187355371119273,-0.029906792998945702,-0.012906915683703911,0.061458813540417725,-0.0197451938255354,-0.03273687197962783,-0.01871769051366367,-0.09137410449763406,-0.16250085086133464,-0.23742727037197256,-0.07472486592640545,0.06634806902408422,-0.1239440365322052,-0.21929467783726367,0.015388000731389012,0.04891944934990751,0.08546469130280637,,,0.14084693975303245,0.06428866511749189,0.045651387142267526,-0.002390295501959929,-0.01866090331413913,0.08426237027006707,0.01568045626441938,0.07258885270934715,0.062285367982683464,-0.015618807869031663,,-0.10551695377592565,0.12497027091478648,-0.03126025586571112,0.2264209412989086,0.18620930300714222,0.08475540416083058,-0.07702763012987648,0.03225181400185955,0.09753082052177112,-0.11460791613450899,-0.0878161198642807,-0.011607454025229325,-0.014214233950705396,-0.02430908589825035,-0.2316272681814114,0.04764359266104736,-0.0006866192425747352,-0.19485975555764068,-0.23881782976504382,-0.07081837584214741,-0.032755892455425255,-0.03364298614726092,-0.03330721115825565,-0.17225263845752348,
HR_P25,0.13541442006160165,-0.0459879531274584,-0.36325645831982645,-0.16042730317772644,-0.05418655665561247,0.060518663223618374,-0.04113615129458799,-0.13953815191420102,-0.04098908258915515,-0.030177249375041446,0.08503974774436646,-0.010222172237213471,-0.023674971424883944,0.014933933374793483,-0.038928348960549156,-0.20801874035304524,-0.2451225430928963,-0.0638583023780803,0.047555333947144285,-0.16046254598459558,-0.23291025065432025,-0.03350363515603062,-0.008158443391238389,0.09242280823320262,,,0.14265269325179997,0.06481288456734126,0.07210638057352356,-0.010757818796434752,-0.005767132992979986,0.06009025791434394,-0.011683813130048416,0.11773077762881394,0.08173957210203134,-0.020342120777781043,,-0.07059321507166068,0.15485093673570993,-0.038470691499850065,0.2542571713673335,0.1848935705250605,0.05687257025657496,-0.08036952185681806,0.01763203778604804,0.10287698259606565,-0.12646541800764605,-0.10362777530917433,-0.046336540252400485,-0.026129791723577628,-0.02692920472191406,-0.23927063596048592,-0.01702816108069823,0.0018911053038624401,-0.20433781424952982,-0.23705761720118482,-0.04825689621936893,-0.02038054397978618,-0.017980314709271084,-0.0710679528907834,-0.1824961157826885,
HR_P75,0.1500485513020243,-0.030377064653642698,-0.31266147549381496,-0.1013291690859002,-0.03203905694242405,0.050367516960685935,-0.14470434414527963,-0.008191300549195596,-0.0664810711264373,-0.020992111701476034,0.010400501883803898,-0.013421997364403663,-0.03886557246718193,-0.05387621996081773,-0.11636407780191636,-0.1255886478911032,-0.22205938616686027,-0.09664074501954631,0.08838460931913686,-0.0672773443112592,-0.20927670007197394,0.02843303361110841,0.07105698336691237,0.07728050181448802,,,0.1324785537813113,0.023389638446312963,0.013492245328679747,0.03139195425396432,-0.05470333905175117,0.05375928811180313,-0.02620156273949007,0.032233095392859165,0.029658373580181082,-0.03079631130161771,,-0.11851671900936804,0.0742294711160843,-0.025733094723408935,0.15518932703748944,0.17623236413156665,0.06398310456038014,0.004347465953524451,0.021703349592554357,0.060277325013681236,-0.08926817990928768,-0.06393868101728103,0.008786777450365515,-0.04794342384374897,-0.054673986217999945,-0.19432730121860076,0.09410994156173083,-0.02188229806361795,-0.18685855125503573,-0.23234777077999616,-0.11379723290634382,0.002691562242142621,-0.04977476825741254,-0.030579151287053977,-0.13414810059658935,
EDA_Mean,0.021741309513088457,0.03649093621546746,-0.18662002768003402,-0.05746079210334818,0.043876527018730016,0.23658511365835697,0.16938170465506977,-0.07599982323274353,0.028171414019020655,0.08209189478803952,0.1218697117833242,-0.024573957992604742,0.09544976207142207,0.027393481751739994,0.11141447724055549,-0.25149080771787,-0.00873354094870776,0.1498112496490829,0.0584194409878759,-0.09135952886192389,-0.1306924148839938,-0.1468612365239702,-0.09210651106676936,0.17030405736223414,,,0.20601107810337324,0.03919132906340316,0.05888675984720795,0.12319486002639023,0.17962956533833593,0.08869084118669329,0.09856472257434853,0.10778855501514685,0.05784337924616957,-0.028700225330000134,,0.0018414971003588166,0.06340661582285621,0.07309121954595477,0.14853662276647928,0.16539313410976783,0.1247552046481147,-0.017320027891542186,0.0143452190497641,0.03763538736100294,-0.04754955754730448,-0.0156807191222983,0.03121747366965055,0.126998444617566,-0.11598886413416104,0.02693488539035471,-0.01785882592714597,-0.009446222516002897,-0.19352918324163612,-0.07106503908130866,0.07955478811482929,0.029682726264091276,0.13963079583174567,0.1086809530636447,0.0069798860428948424,
EDA_Minimum,0.0023958430271277657,0.05196102877362055,-0.16205868410640742,-0.0627382213896088,0.05160338657867792,0.24337157121010236,0.18321572275484918,-0.07528654950183176,0.038843421760315605,0.09168478647662236,0.13170818904459747,-0.007739923735915842,0.09063939751653009,0.04664911741092799,0.11060572858884318,-0.24529671126971755,0.0023192818194144294,0.14269260458608526,0.03780305240890491,-0.08852277865725348,-0.09957199337364132,-0.148783668975724,-0.10449252879753103,0.1538289504163411,,,0.1927294711289782,0.03807973361859787,0.06387217046824696,0.12624888571805942,0.18468499187395349,0.1000863694678356,0.12072787305494878,0.12559257292901632,0.07175853177501734,-0.023117734599500436,,-0.012183028825076204,0.052353573286811186,0.05155573929268017,0.16670140986994567,0.16762899306247273,0.12594326130485495,-0.019330369246909895,0.0104013326490849,0.05398416180618548,-0.047201267917798106,-0.03713106469701954,-0.0050287023109769485,0.1274149471204896,-0.07731212599947328,0.032375919609320236,-0.00880173563179514,-0.004315273935756951,-0.1909630532446883,-0.07038788219007273,0.09597261016139488,0.032154953632238026,0.14379846430813845,0.10743610742799409,0.011708608201189472,
EDA_Stdev,0.030777370031772812,-0.06143325014573587,-0.2497798682898247,-0.04443109631083262,-0.01385945656525076,0.12240052190901074,0.022164445181065577,-0.1168741625267842,-0.0828349256376095,-0.020164331882991077,0.006498686733404591,-0.12669520702057524,0.05212911274048615,-0.06328628276758337,0.07407965778876331,-0.23096378403848794,-0.06161703719019072,0.10071561445876634,0.08901035747072662,-0.12362508302553317,-0.2665524388180504,-0.09975632072943398,-0.030839059114438808,0.17964206858610365,,,0.17412118881622907,0.024966097756062598,0.08547001847596404,0.07129302127328084,0.09165344445139047,0.007601302860329855,-0.0006635427742662633,-0.0016663232090123369,-0.04156545007400573,-0.03436734182295589,,-0.01655298617703973,0.08147171881017475,0.14331618716286143,0.06408672001638951,0.09199064067711336,0.07681951481436738,0.005098048713104505,0.053464940797968215,-0.14564876511757896,2.952022252956857e-05,0.06872213229550227,0.13670830819775828,0.09683445929115307,-0.1940954966049806,0.010767985038635438,-0.07697529942386129,-0.03438894882323711,-0.13315042091917711,-0.0871436388142571,0.025452922702959364,-0.03329880073658986,0.0699105812230192,0.09997904855186587,-0.02747302519396253,
EDA_RMS,0.020601663548508963,0.03522944557164425,-0.18696055360272473,-0.05776678822877061,0.04356529957274903,0.23636555484060198,0.16707135017640343,-0.07607230186010737,0.024126319628488962,0.0811529375998508,0.11949888432886491,-0.026203754585708113,0.09521845003805353,0.02682479525958302,0.11136814165840508,-0.2519691810405004,-0.009907630967384022,0.14780993469732304,0.05888246138060457,-0.09197321110720179,-0.13693008244017124,-0.14570056347632357,-0.09143964065564755,0.17104360347867123,,,0.2053593023998813,0.03993225108842257,0.05969032477596165,0.12323659002493124,0.17971339180849358,0.08822087446806229,0.09804313342789026,0.10727320502918689,0.0575879610842226,-0.02912629294981342,,0.0009805205072443734,0.06435945034841394,0.07492490230698873,0.1484532208343677,0.16519738085925983,0.12466761253540554,-0.017227351092884407,0.01634978002132354,0.03491050250734221,-0.045910390717034004,-0.013718872985576204,0.0340281236252003,0.1274553559009132,-0.11832297587297545,0.027436357441628926,-0.01908003846591729,-0.010210247954741982,-0.19325891719788219,-0.07082494845391964,0.07944322135504732,0.028352651667466963,0.1387162081833178,0.1094716338010849,0.0071239551307771725,
EDA_MAD,0.024887350228199677,-0.06666438577522388,-0.251428541892831,-0.043833572467296564,-0.02263132550935547,0.10639801723525699,0.005448798258467709,-0.12071245223828632,-0.08197798862585103,-0.024787264050983682,0.0039057384044132856,-0.134488633401572,0.03961315527485988,-0.05228117419843348,0.06766504510395718,-0.2241801926528912,-0.0536051721743538,0.08893231985896956,0.08006114087974456,-0.11709237373076051,-0.27659400301485204,-0.08734001008546781,-0.017518769557032392,0.16490827900381352,,,0.16785224582801173,0.02723585003611221,0.0899890503828967,0.07154807413174664,0.08332235689258104,0.006164728247668324,-0.003042083036941929,0.008678979678001941,-0.028205675048403413,-0.02981140104671894,,-0.030488827757765756,0.07504833128528837,0.13763473847500352,0.0668204951913644,0.09267776350232373,0.08393937867019349,-0.00311868944835562,0.04559552510276638,-0.15885577490444888,-0.004185436143384424,0.07309376482028215,0.13432725305231427,0.09473492257931727,-0.18370243216445936,0.011385433577090454,-0.07309190004640037,-0.02790248923949108,-0.13168926696900587,-0.09662599457018445,0.03621832973363494,-0.035359979249140305,0.07130242359569176,0.10016877058127834,-0.025418748918139934,
EDA_MAV,0.05281107592270586,0.021861053199570123,-0.2166170321599484,-0.06658771801074224,0.051208732739273524,0.2601314351926871,0.2012671044836479,-0.045677063149727096,-0.01145830854564978,0.06918914880196761,0.10510355289608131,-0.01671478647856243,0.13157369554889387,-0.04364216772895277,0.12539633505212633,-0.26201774590182236,-0.03029737046552789,0.17902459742440843,0.10973998272144345,-0.09306662017739273,-0.13874920587829825,-0.19430215620141578,-0.1419331331708573,0.21946922490979529,,,0.23453602824689004,0.017179856291908848,0.021556166554024814,0.13724343665077668,0.1776821874970255,0.06953571927081548,0.0875608030170826,0.05677499467139544,-0.010329791515588235,-0.04689005010207927,,0.021270494834893745,0.09563477335281648,0.12426730272940978,0.11668491090652958,0.13052576479760483,0.05701678704978245,0.04345337606987187,0.05933538153995152,0.036849070556724095,0.07514996403008387,0.004686743182739119,0.03384264201356212,0.1438644968773838,-0.13676273967489852,0.023968017702325987,-0.03990525645388019,-0.04231202541854111,-0.16091858561728523,-0.03553173501858391,0.03971486499071887,0.006934257680700442,0.09859314816362985,0.10477932332162138,-0.004630131494049189,
EDA_Median,0.020896298681148444,0.0337852672671888,-0.18513854836680488,-0.05663485466097912,0.043062825125702,0.23190015058738409,0.1690366190840056,-0.07839226125055895,0.03149588856972883,0.08088028126316184,0.12126933858878441,-0.02957641743022845,0.09299620074062165,0.026351463334832577,0.11382529213410182,-0.2482947972909051,-0.004725003091639669,0.15288960159872592,0.05985041671294062,-0.09193362935986162,-0.123936186500363,-0.14730452297823293,-0.09096628165428912,0.16968186905679897,,,0.20806358266947214,0.03606539289521021,0.05923214113556343,0.12508880039134965,0.1764444999956151,0.0871002807550618,0.09530343084536783,0.10480285745845695,0.055161690217249204,-0.028068661537116443,,0.0007321556378581665,0.06167710997399259,0.07564615037369832,0.14533154795245548,0.1648636099907137,0.12364792383028264,-0.015884237435997185,0.014020742106581476,0.030711314966135116,-0.049357726923824986,-0.016989894723031,0.03148177547396888,0.12568483516366555,-0.11758905037145699,0.02651245705086295,-0.015269562557324569,-0.006160775116652667,-0.19215914677926504,-0.07232788075378274,0.07981036403732478,0.030755156098576104,0.13858813288556088,0.10921665853272046,0.005682718694424827,
EDA_P25,0.023086365732119078,0.05016929918590301,-0.17317445468222167,-0.056547321108054965,0.051725153605226566,0.2473961986047193,0.18468450496789873,-0.06621381894920805,0.040980708199931305,0.09318347827220377,0.133690403040841,-0.0048724855548463,0.10079019756705272,0.038296467792979565,0.11072462148562413,-0.24731118824513185,-0.006546485376678354,0.14971388517610792,0.05204451592287757,-0.08484374296642888,-0.1105298563098854,-0.14950372566778214,-0.10055626882953177,0.16348917393780768,,,0.2012938213082021,0.041093926108184485,0.050449078987722835,0.12245681747146975,0.1875535871185603,0.09680907158029209,0.10977881203202106,0.11817072898122191,0.06869540670091238,-0.028045255071934942,,0.007229309828559567,0.05911725486993067,0.05777717986969881,0.15510212657524433,0.1687221962611991,0.12614142979520734,-0.017959835345097205,0.007480119301449454,0.0696421527386638,-0.05125530286376842,-0.027612037726220832,0.014704713324730796,0.12604614420711552,-0.1011397490918686,0.026267968496882958,-0.010817983852258597,-0.009744351964773464,-0.19450281338448533,-0.0654436578349713,0.08147610777519133,0.03723303239271014,0.1441538748702943,0.1040561994170693,0.010301363715605283,
EDA_P75,0.02215255624130554,0.02673716681116253,-0.19815094626903623,-0.05705196359659404,0.037637598067256924,0.22675558367286136,0.15493479815016548,-0.08300147474473744,0.01725565408001573,0.07250401782053235,0.11224369195612494,-0.03807996943340622,0.09039246012547017,0.0219883688786395,0.10972697569832263,-0.25361940960077556,-0.012665951135796097,0.14590348688217455,0.06144829339890088,-0.09550108539958929,-0.15182896992750694,-0.14320369264365232,-0.08661103996831213,0.1719908051795433,,,0.2060766031995134,0.03899063471494327,0.06320483239673946,0.1212786258810137,0.17274321912451795,0.0831970268003799,0.0909485301733523,0.10099391479355435,0.05289365742176447,-0.029238023422717824,,-0.0030027405768365666,0.06501231295710708,0.07961927653050681,0.14411059913751822,0.16259782301870657,0.12402653692446482,-0.017218570490348663,0.016933480067847465,0.017371217232894462,-0.04360892188966074,-0.007756147532857488,0.042068950114211766,0.1262100667349848,-0.1239704709199085,0.025398493367988984,-0.023554155634095488,-0.01049066562352063,-0.1915603409862866,-0.07705572864979075,0.07929299316460461,0.02284698957680631,0.13530628019490393,0.1099798068810135,0.002935026777703407,
TEMP_Mean,-0.0934149425058895,0.13455409489862158,0.13681900486470597,0.12990032448854988,-0.002265815248153483,-0.11459607578994241,0.03664566715298649,0.19933268926166764,-0.01224014180135607,-0.08586745434679609,-0.03448207392171774,-0.02169059898442241,0.06257261058511518,0.025916737312574697,0.21425033735567658,0.13791326149683517,0.17213446987507283,0.05987929576331987,0.0521801741082843,0.13486093217012585,0.13295833708209542,0.11281985703110439,0.08827690478065382,-0.04086651783526127,,,-0.027305176564548256,0.03984959850493254,-0.11969511230306297,0.2033585310042831,-0.10206504755701631,-0.021015590867808694,-0.06265281877028664,-0.10343097043231836,-0.03527505463757445,-0.056910970263951324,,0.1329008142088429,-0.1377562045911509,0.10654702427853496,-0.22214568740398022,-0.12447347141216866,0.03435224959540852,0.10847915772316884,-0.028235360744971443,-0.29625042934334744,0.08165468199414516,0.07575527287150559,0.01799108263519746,0.029863438805639013,0.049671734864704324,0.033219005457062065,0.1258870163785407,-0.020470401192950047,0.12182498815841605,0.15227166411575227,0.08074159339917232,-0.11391688793300081,-0.0021644061084399686,0.0159265704244513,-0.04195696685836452,
TEMP_Minimum,-0.11557526074603115,0.143703415959564,0.15470135468975937,0.14471212572833214,0.009084552739465077,-0.09188433494209224,0.04140740916520326,0.18518733651065358,-0.036604017157234284,-0.06987798735673798,-0.03170114639272394,-0.0299716853718503,0.0733104716182177,0.05263551743278987,0.2219819684044234,0.11366423782349407,0.17121082105306948,0.054719153670971445,0.05420312875430534,0.12297506361655836,0.13629179785596998,0.10979272205603349,0.08246332765999709,-0.029505581101654483,,,-0.022053634056472714,0.047314776100241415,-0.10359827887293202,0.1968748670681174,-0.08651899713297719,0.010011338095259796,-0.026042265754901813,-0.11450116139287327,-0.04243416875654343,-0.054382530430597334,,0.1262068119826519,-0.12499324676365063,0.0812371427769964,-0.20357695237630893,-0.0986607463003586,0.057348530804050474,0.11469452155160258,-0.027669630455754143,-0.28275371468013616,0.07472494189259281,0.06437718568971733,0.012379149031989856,0.04460022904635607,0.04435625146240467,0.04073571444111793,0.10841178042895835,-0.001669213029687242,0.12795277847126693,0.1637470736727171,0.10889826262257538,-0.12344915846634513,0.027708158662631915,0.019771772717982715,-0.03726563372746359,
TEMP_Stdev,0.12426229081447918,-0.0047466977321636355,-0.20501785224391095,-0.13523683651402332,-0.06235051301279727,-0.1284045410887042,-0.04226275345580605,0.05344312381968568,0.2117430785738041,-0.053851324198589824,-0.046520713762559056,0.041354467150485956,-0.06733554053868562,-0.1501310911235443,-0.12263278059479812,0.11632823305008304,-0.017946859427152066,0.06100966129591804,0.021027505755608942,0.04752714620209091,-0.11623224443302861,0.04425484819120545,0.09666486269813174,-0.0954760131222357,,,-0.07759652446402124,-0.05409767005138404,-0.07659579507519758,0.023329483997834164,-0.08861152742139031,-0.08357831706512119,-0.14385421737727103,0.08100154036708446,0.14208095051062564,-0.022952979517737348,,0.04627712061695931,-0.10884150268960265,0.054945098108918664,-0.06950802298838847,-0.07867657264857872,-0.09469166495386441,-0.03736088285240245,-0.0008625711230091072,0.01483057983622328,-0.030559483176780932,0.08608354743425614,0.12668601048897785,-0.026616390649048995,0.009118101680647243,-0.044881880683172636,0.12441738195006054,-0.07207629284148151,-0.0036530682402330836,-0.12703980415040989,-0.15112536995766684,0.07442863563405078,-0.13053784454112152,0.0306416741493051,-0.04592129489062331,
TEMP_RMS,-0.09329499946017236,0.13459426072621866,0.13657121697925775,0.12977989864363562,-0.0022981427522602293,-0.11478303219587062,0.03666387576713146,0.19952733798387418,-0.011885192944498994,-0.08591097474251959,-0.03450864369073107,-0.021658554404710498,0.06248578730815297,0.025772479167968036,0.2141638929374032,0.13802858332192738,0.172181452901466,0.05995589922066668,0.052250944426024244,0.13495232823838435,0.1328031403780345,0.11290161635511305,0.08850004499969737,-0.040923197457645,,,-0.027395569785239327,0.03982973329545045,-0.11983262650735439,0.20344387156697688,-0.10215305931067119,-0.021116346057585812,-0.06278628324738923,-0.10328603947418066,-0.03509418346671188,-0.056963907495490074,,0.13301081886449334,-0.13784805361068506,0.10660737039787885,-0.22214177784022957,-0.12453398617204314,0.034235405985481214,0.10843064427480362,-0.028230818212425006,-0.2962702338845669,0.08161147792385165,0.07591466484968111,0.01822643574685801,0.029840542029126508,0.04969431077997494,0.03322114849858285,0.1260886026256394,-0.020574168326475965,0.12187169413360772,0.15209607491479926,0.08056302112205177,-0.1138138260523115,-0.00227751766186572,0.015984316190955694,-0.04197631391152864,
TEMP_MAD,0.10590161980455787,0.0228714629612768,-0.1866385086186574,-0.1250828864674315,-0.06817118053705805,-0.14331577874233867,-0.04738516776386365,0.058520589538776285,0.2220617746988485,-0.049363909465462506,-0.04611318876457867,0.031797621023667226,-0.06982847771538211,-0.13708299957635284,-0.12021144633344441,0.11685872040243361,-0.012752155030828476,0.05131685309694005,0.022211211847990985,0.05392275888110173,-0.12420190773856425,0.06135866956934392,0.11829625682500182,-0.10572602878284132,,,-0.08718839398895985,-0.042594373848835854,-0.08238382357070206,0.02275484945592233,-0.07204986218997175,-0.051047773925759994,-0.12704221720661063,0.07149606523844929,0.1560527565002372,-0.023825923368488027,,0.05640270988193919,-0.1125002349139084,0.02081908659855779,-0.06064877587767073,-0.07677995031450037,-0.06439989883866351,-0.031616422935957234,-0.012833714336370082,0.0017395871520748188,-0.04548632076129354,0.08119497514244935,0.14022335505492997,-0.01021570899782538,0.015962081553797122,-0.04759079297569951,0.14490144096506846,-0.07568087162689964,0.007978806728061555,-0.12606927783223937,-0.13458187058038767,0.06847418668436686,-0.10845080574557515,0.03584455978266696,-0.056404083426673246,
TEMP_MAV,-0.06643738692566203,0.12221307604515075,0.10318328728755378,0.11435677231311546,-0.0012951851416208788,-0.12191054313515762,0.0367080419066327,0.2062274179209674,0.007764895132037294,-0.08709138569451272,-0.03951574322053855,-0.013081400180222448,0.06106392758101928,0.013622522966615954,0.1994776524776974,0.13671729107402428,0.16957350518689215,0.07707611412864832,0.05591050650561052,0.1387698857435395,0.12347877264876526,0.11468356111426865,0.10102514794060559,-0.04206317269465703,,,-0.02813642638332358,0.028879058569471053,-0.1254415661733538,0.21783309002590132,-0.12202938469171477,-0.030889630978653822,-0.08102954599051333,-0.09453380869770538,-0.019092831516357475,-0.061648759308652754,,0.13658781799910497,-0.14057584023189676,0.11842563422737651,-0.22173431248877207,-0.11697374545698376,0.02466457052944581,0.10736174101554528,-0.02406509181356077,-0.28806145040487213,0.06652214918436997,0.0893085232096179,0.02881442451238205,0.024950319865153527,0.0447333931300198,0.02561177880343371,0.13944591651463312,-0.0274420398944928,0.11097145883375592,0.1379019495081692,0.07283596663142987,-0.09482424575970021,-0.020883091742961418,0.014202139931648716,-0.05418700233853893,
TEMP_Median,-0.093684997633975,0.13465249522257436,0.1377093587307773,0.12931979016033313,-0.0029701561029347075,-0.11553561057401877,0.03736279952047769,0.20023871110179095,-0.010124893296962907,-0.08766369634182744,-0.038351258496039875,-0.024818129854236134,0.058845601256929315,0.02272409774812582,0.21194045570986736,0.1413792323411693,0.1700487966428552,0.05777732373300035,0.04685306570810603,0.136158041534046,0.13381077278101003,0.1128235264309747,0.08919113913431789,-0.04178714653321009,,,-0.024106919581736004,0.03963451001247587,-0.12192403034469466,0.20467290952401768,-0.10122084281238349,-0.023877589548849245,-0.0651314553287743,-0.10574897219418737,-0.03599940410910795,-0.05745387212348633,,0.1367921275449312,-0.14100098584819937,0.10957898450289456,-0.22748534844413498,-0.12967229595449298,0.03406335818270091,0.10631100745456702,-0.027649161307819848,-0.2960205467747275,0.08520571595245223,0.07529922447722827,0.01811043250316613,0.03135026356011893,0.04715317325926119,0.03470766752673295,0.12876613422575028,-0.023638374437080733,0.12310987498766095,0.15507321238634278,0.07469648676627963,-0.11209800739694906,-0.0018189031305482104,0.01770973300056145,-0.03986129417528639,
TEMP_P25,-0.10029353774823163,0.13138813971747143,0.14778082244299967,0.13605259451050025,0.0011430014870453522,-0.10443526823811156,0.04129229835050624,0.19314061965569515,-0.027608066766104007,-0.08311984835735478,-0.030698226380219323,-0.02221891490695599,0.0674481748092382,0.034384609961289316,0.22288265587250738,0.13113371082739889,0.17382634390500118,0.056409896291739946,0.052639401640795266,0.13175693621990728,0.14135329696938748,0.10688609354661247,0.07716335291194447,-0.03356756417386017,,,-0.0207578399075364,0.04260128877992964,-0.11409304467465442,0.2007841750415158,-0.09782546778594556,-0.023393872280701267,-0.05565555526562617,-0.10396170170007242,-0.04465324752188967,-0.05347297832697373,,0.12699393522585242,-0.12834709815135723,0.11055756641972535,-0.21767849061248926,-0.12174364462010819,0.03402420114825146,0.10934500037242992,-0.025427440965338603,-0.29301081371526816,0.09125908229744714,0.06995202444223377,0.0063621618723617756,0.028053002571805843,0.050854016312761256,0.03770210045889642,0.11368631542829946,-0.01540323186153731,0.12209198758536106,0.15843348085795284,0.09155398676933202,-0.1177366234591203,0.00070527895811589,0.014905378556039675,-0.03585043953163292,
TEMP_P75,-0.09037489777479443,0.1382333740087736,0.12785995983165307,0.12252192641443976,-0.008994673650854443,-0.12518844007286062,0.03235102615471673,0.20125245065190753,0.0018392441281454674,-0.09026401242486187,-0.034444012491964035,-0.019353962389093798,0.056656643311442406,0.0166564070190143,0.2072014990135383,0.14535272411365152,0.1728718065774944,0.06201781554688137,0.053279084544576805,0.13767176869405484,0.12448154093650822,0.11718027013364733,0.09494764530685945,-0.050731858748926294,,,-0.033480189216961415,0.03596343561397933,-0.12419806838883177,0.2014917769951545,-0.10513792887997589,-0.02148323003290476,-0.06857022731585749,-0.10077862739154138,-0.024296063257739958,-0.057857998650724114,,0.13662183397168237,-0.14327663780993088,0.10239520022667803,-0.22667952590925863,-0.1314547758142147,0.031096253807349795,0.10673605866994045,-0.03051276009066878,-0.29801252599249645,0.07904938158330535,0.07999083777008954,0.026549554342881896,0.029927490254115334,0.053904360885030596,0.029480876820161393,0.136857394614926,-0.025300560629749842,0.12458686269666783,0.14481305168711484,0.07190874320325984,-0.11347610077754026,-0.006360182061513248,0.015981198522574756,-0.046350810534756766,
meanCenteredEDA_Mean,0.021741309513089023,0.036490936215467104,-0.18662002768003405,-0.05746079210334825,0.04387652701873024,0.23658511365835727,0.1693817046550699,-0.07599982323274351,0.028171414019020683,0.08209189478803966,0.12186971178332437,-0.024573957992604686,0.09544976207142213,0.027393481751739737,0.1114144772405553,-0.25149080771787,-0.008733540948707989,0.14981124964908285,0.05841944098787558,-0.09135952886192389,-0.13069241488399397,-0.1468612365239703,-0.09210651106676956,0.17030405736223383,,,0.2060110781033729,0.03919132906340307,0.05888675984720795,0.12319486002639,0.17962956533833582,0.08869084118669347,0.09856472257434865,0.10778855501514689,0.05784337924616947,-0.028700225330000228,,0.0018414971003587353,0.063406615822856,0.07309121954595489,0.14853662276647922,0.1653931341097679,0.12475520464811451,-0.017320027891542106,0.014345219049763946,0.037635387361003046,-0.04754955754730447,-0.015680719122298487,0.031217473669650508,0.12699844461756588,-0.11598886413416104,0.026934885390354258,-0.017858825927146053,-0.00944622251600287,-0.19352918324163626,-0.07106503908130882,0.07955478811482926,0.029682726264091002,0.13963079583174554,0.10868095306364456,0.0069798860428945415,
meanCenteredEDA_Minimum,0.002395843027127766,0.05196102877362057,-0.16205868410640742,-0.0627382213896088,0.0516033865786779,0.24337157121010236,0.1832157227548492,-0.07528654950183179,0.038843421760315605,0.0916847864766224,0.13170818904459747,-0.007739923735915794,0.0906393975165301,0.046649117410927955,0.1106057285888432,-0.24529671126971755,0.002319281819414459,0.14269260458608526,0.03780305240890493,-0.08852277865725346,-0.09957199337364131,-0.148783668975724,-0.104492528797531,0.1538289504163411,,,0.1927294711289782,0.03807973361859789,0.06387217046824695,0.12624888571805945,0.18468499187395346,0.1000863694678356,0.12072787305494878,0.1255925729290163,0.07175853177501734,-0.023117734599500436,,-0.012183028825076212,0.05235357328681117,0.05155573929268018,0.16670140986994567,0.16762899306247267,0.1259432613048549,-0.0193303692469099,0.010401332649084882,0.053984161806185524,-0.04720126791779811,-0.03713106469701957,-0.005028702310976977,0.12741494712048962,-0.07731212599947328,0.03237591960932021,-0.00880173563179514,-0.004315273935756949,-0.19096305324468832,-0.07038788219007278,0.09597261016139488,0.032154953632238026,0.14379846430813847,0.10743610742799412,0.011708608201189491,
meanCenteredEDA_Stdev,0.03077737003177275,-0.06143325014573566,-0.24977986828982487,-0.044431096310832585,-0.013859456565250724,0.12240052190901095,0.022164445181065695,-0.11687416252678387,-0.08283492563760941,-0.020164331882991035,0.0064986867334048525,-0.12669520702057518,0.05212911274048618,-0.06328628276758337,0.07407965778876344,-0.23096378403848788,-0.061617037190190564,0.10071561445876648,0.08901035747072665,-0.12362508302553314,-0.26655243881805046,-0.09975632072943387,-0.03083905911443871,0.1796420685861038,,,0.17412118881622915,0.02496609775606267,0.08547001847596405,0.07129302127328095,0.09165344445139058,0.0076013028603299105,-0.0006635427742660138,-0.00166632320901223,-0.041565450074005625,-0.03436734182295602,,-0.016552986177039705,0.08147171881017477,0.14331618716286146,0.06408672001638956,0.09199064067711343,0.07681951481436747,0.0050980487131043585,0.05346494079796827,-0.14564876511757868,2.9520222529938766e-05,0.06872213229550228,0.13670830819775812,0.09683445929115321,-0.1940954966049803,0.010767985038635559,-0.07697529942386125,-0.03438894882323701,-0.13315042091917706,-0.08714363881425696,0.025452922702959506,-0.03329880073659001,0.06991058122301926,0.09997904855186612,-0.027473025193962282,
meanCenteredEDA_RMS,0.01976365604773064,0.042187413619247056,-0.18079312221198784,-0.05808763594514177,0.03894725252799492,0.22014307520776583,0.16015435293122618,-0.07169145133407595,0.02602197674989077,0.08620906003362323,0.11616002121533675,-0.03301997823092342,0.08973741507134395,0.034558968474386664,0.10106279646645554,-0.24882086139125234,-0.010660524723158458,0.14112571622144598,0.06284601073981615,-0.08350188904006917,-0.1411188948028357,-0.1310695795082521,-0.07149964782906931,0.16977434135562464,,,0.20101482873323737,0.047269584291239355,0.058429640227985996,0.12536308396755352,0.18277613564962003,0.0901139620424272,0.09635545619433027,0.11107986924822275,0.0645807342020933,-0.03216515579638192,,-0.004590846372276534,0.05639242538066453,0.08680830715068436,0.1582849799206319,0.16465454611148345,0.12460961876270205,-0.020664553953961586,0.0015912290513622421,0.02819495128361696,-0.05033755141610623,-0.008955162740181622,0.033390194874943525,0.12471437756803144,-0.11970098347092885,0.025574709031485926,0.0013193238683322577,-0.012557351812728731,-0.19759041381278505,-0.08474402698692866,0.07818093258989006,0.03506299059825637,0.14370509401179027,0.10761221904144712,0.003477784504342993,
meanCenteredEDA_MAD,0.024887350228199802,-0.06666438577522397,-0.251428541892831,-0.043833572467296696,-0.02263132550935542,0.10639801723525702,0.005448798258467962,-0.12071245223828574,-0.081977988625851,-0.024787264050983502,0.003905738404413592,-0.13448863340157186,0.039613155274860305,-0.05228117419843337,0.06766504510395743,-0.22418019265289077,-0.05360517217435374,0.0889323198589699,0.08006114087974475,-0.11709237373076024,-0.27659400301485176,-0.08734001008546818,-0.017518769557032972,0.16490827900381413,,,0.16785224582801178,0.02723585003611224,0.08998905038289656,0.07154807413174694,0.08332235689258098,0.0061647282476687245,-0.0030420830369419223,0.00867897967800213,-0.028205675048403604,-0.02981140104671899,,-0.030488827757765846,0.07504833128528841,0.13763473847500365,0.06682049519136425,0.09267776350232364,0.08393937867019383,-0.0031186894483556547,0.045595525102766744,-0.15885577490444874,-0.004185436143384287,0.07309376482028171,0.13432725305231447,0.09473492257931762,-0.18370243216445956,0.011385433577090836,-0.07309190004640059,-0.02790248923949111,-0.13168926696900596,-0.09662599457018411,0.03621832973363454,-0.03535997924914013,0.07130242359569149,0.10016877058127818,-0.025418748918139628,
meanCenteredEDA_MAV,0.05194014339515164,0.028853606020822098,-0.21181420351069402,-0.06882094332792794,0.047371453121358945,0.24819952740100348,0.19614404276628797,-0.04226013139704973,-0.00896810821914562,0.07373254444803284,0.10279651302100536,-0.021563385070000246,0.1287700087307359,-0.03739995406658156,0.11632579649868972,-0.2613041265401245,-0.03189026174255089,0.17392741989130298,0.11532033331474843,-0.08562893404283549,-0.14139019850614853,-0.1813180531410677,-0.12426138356947136,0.2192682069533467,,,0.23105603081862466,0.02411434676835572,0.01978486478461897,0.13930010248716146,0.18179760169085685,0.07163210585358486,0.08626027112468666,0.059367862226552055,-0.002618965126667892,-0.04910600636685822,,0.014605717531801354,0.08706103042320108,0.13335687166188426,0.12383276284697604,0.12788574589970522,0.05638074223608337,0.04168395968998025,0.04625378696884964,0.031156927777487624,0.07195332191290818,0.008231148805707043,0.03108111490959707,0.14200868906132105,-0.13824029923930176,0.02113971538950229,-0.021218108740197618,-0.04277258601385093,-0.1643376477299641,-0.049149633568948116,0.038874023033306546,0.013093327307645859,0.10293852248666019,0.10468175349637664,-0.00816455065343957,
meanCenteredEDA_Median,0.020896298681148447,0.03378526726718877,-0.18513854836680488,-0.05663485466097912,0.04306282512570201,0.23190015058738409,0.1690366190840056,-0.07839226125055893,0.03149588856972884,0.08088028126316182,0.12126933858878444,-0.0295764174302285,0.09299620074062169,0.026351463334832542,0.11382529213410182,-0.24829479729090506,-0.004725003091639656,0.15288960159872594,0.05985041671294067,-0.09193362935986162,-0.12393618650036298,-0.14730452297823293,-0.09096628165428912,0.16968186905679897,,,0.2080635826694721,0.03606539289521021,0.05923214113556343,0.1250888003913496,0.17644449999561507,0.08710028075506179,0.09530343084536778,0.10480285745845694,0.055161690217249204,-0.02806866153711644,,0.000732155637858174,0.06167710997399259,0.07564615037369835,0.14533154795245543,0.16486360999071367,0.12364792383028265,-0.015884237435997182,0.014020742106581474,0.03071131496613512,-0.049357726923825,-0.016989894723030984,0.031481775473968916,0.12568483516366552,-0.11758905037145706,0.026512457050862942,-0.015269562557324576,-0.006160775116652678,-0.19215914677926496,-0.07232788075378271,0.07981036403732478,0.030755156098576132,0.13858813288556088,0.10921665853272051,0.005682718694424833,
meanCenteredEDA_P25,0.023086365732119137,0.05016929918590304,-0.17317445468222167,-0.056547321108054965,0.051725153605226566,0.2473961986047193,0.18468450496789876,-0.06621381894920805,0.040980708199931305,0.09318347827220377,0.133690403040841,-0.004872485554846291,0.10079019756705274,0.038296467792979585,0.11072462148562413,-0.24731118824513185,-0.006546485376678349,0.14971388517610792,0.052044515922877545,-0.08484374296642888,-0.11052985630988539,-0.14950372566778214,-0.10055626882953177,0.16348917393780768,,,0.2012938213082021,0.04109392610818449,0.05044907898772283,0.12245681747146968,0.18755358711856035,0.09680907158029212,0.10977881203202104,0.1181707289812219,0.0686954067009124,-0.028045255071934953,,0.007229309828559558,0.05911725486993068,0.05777717986969883,0.15510212657524433,0.16872219626119914,0.12614142979520734,-0.017959835345097208,0.007480119301449475,0.06964215273866378,-0.05125530286376842,-0.027612037726220843,0.01470471332473085,0.1260461442071155,-0.1011397490918686,0.026267968496882965,-0.01081798385225859,-0.009744351964773473,-0.19450281338448533,-0.06544365783497133,0.08147610777519135,0.03723303239271013,0.1441538748702943,0.1040561994170693,0.010301363715605296,
meanCenteredEDA_P75,0.02215255624130554,0.026737166811162498,-0.19815094626903618,-0.05705196359659402,0.03763759806725692,0.2267555836728613,0.15493479815016548,-0.08300147474473749,0.01725565408001571,0.07250401782053235,0.11224369195612494,-0.03807996943340621,0.09039246012547016,0.021988368878639475,0.10972697569832265,-0.25361940960077556,-0.012665951135796124,0.14590348688217455,0.06144829339890089,-0.09550108539958928,-0.15182896992750688,-0.14320369264365232,-0.08661103996831217,0.1719908051795433,,,0.20607660319951335,0.03899063471494328,0.06320483239673945,0.12127862588101376,0.17274321912451795,0.08319702680037987,0.09094853017335229,0.10099391479355432,0.052893657421764405,-0.029238023422717835,,-0.003002740576836573,0.0650123129571071,0.07961927653050681,0.1441105991375182,0.16259782301870657,0.12402653692446482,-0.017218570490348653,0.016933480067847485,0.017371217232894396,-0.04360892188966075,-0.007756147532857419,0.042068950114211745,0.12621006673498478,-0.12397047091990851,0.02539849336798899,-0.02355415563409551,-0.010490665623520638,-0.19156034098628658,-0.07705572864979077,0.0792929931646046,0.02284698957680629,0.1353062801949039,0.10997980688101351,0.0029350267777033625,
meanCenteredHR_Mean,0.13254385854363507,-0.02235978539073157,-0.32742717080801537,-0.13305290450806923,-0.02886059479904362,0.08473172418875109,-0.06929327107592882,-0.05914464366082024,-0.0459455939656966,-0.01036510785757425,0.04770523334567052,0.001562346536111384,-0.03985327423530404,-0.00025907766407458176,-0.07177569164175908,-0.16803700719028763,-0.22281244357153873,-0.07082596600550743,0.0898851010334865,-0.10027280469782163,-0.2110852706914045,0.013419359176173805,0.04853487652914992,0.10222854265912222,,,0.16021887025693002,0.06315420769017403,0.06636320479123928,0.021331344748975085,-0.03619025962017088,0.05475299192402844,-0.0010984144911663127,0.07802740020400012,0.06383136640239079,-0.030772689802427006,,-0.09466561150482003,0.12773874469781882,-0.04312014797891113,0.2115576510588293,0.21164785924922624,0.07239865782806036,-0.04709949696079525,0.042195151215688134,0.09635320515572161,-0.11313393136859831,-0.08935033399130764,-0.004481896142268228,-0.03186778815466526,-0.0419731022556561,-0.1965398427301802,0.04153787645562775,-0.02392334059960079,-0.18720507816776416,-0.216302593770598,-0.06186358151300268,-0.0096240416398574,-0.03558397679844621,-0.02910914800482633,-0.1407202562144423,
meanCenteredHR_Minimum,0.05029750540452929,-0.008543292360007178,-0.1926650775140633,-0.17326325505664714,-0.029374494528807242,0.1696626396418619,0.07959177780548216,-0.05771457830865573,0.015573476594257204,0.0560190025889957,0.13680004019750186,0.10732708328505688,-0.026720602441574072,0.019438028191064653,0.0008310365391549088,-0.1560947059215913,-0.10618289929765426,0.08041051369102407,0.1562197517296594,-0.09462604287660596,-0.07144849034762722,0.024792718041776962,0.05588418758001316,0.10857178764909334,,,0.21794938323901955,0.07423354883050536,0.06521240465078583,0.06840310330627765,0.01695093331964789,0.06359651625522084,-0.03362873756685982,0.13145150275687714,0.14538912929009773,-0.007950572918228024,,-0.04121481084286154,0.1781858867024784,0.010459953831357248,0.24923583579031727,0.22669516104982515,0.12812886807489168,-0.10424970707790258,0.033690924129362476,0.17489049386748964,-0.12385893262624272,-0.015661774574285355,0.00851390143527796,0.03131310475663318,-0.003726427373410001,-0.06264260582496935,0.05298228255171826,0.011836682020805369,-0.1947135796884321,-0.03738879828238249,0.06281379372072443,0.015219995339324653,0.01370175701684738,0.05757063984032082,-0.015722078297120013,
meanCenteredHR_Stdev,0.014028335583666767,0.044701102341737395,-0.06430777948257954,0.029493076895168183,0.0959044971494583,0.03834854972711001,-0.11078763808865552,0.1755841188883137,-0.07341346853887772,-0.00860958489193039,-0.12714139912008757,0.0004208857940894338,-0.04620183438525845,0.04248714507585573,-0.05363062633279244,0.04803753394200411,-0.014272419562040013,-0.07120465259101116,0.07525702214067474,0.11716909245124028,-0.09130098027645538,0.0747511341664145,0.08402513481688809,0.057052233295315245,,,0.02554815878994892,0.0075206212810825035,0.07053115164024781,0.046555309144682706,-0.13251425410006215,-0.08006094918517563,0.03905879351686154,-0.090055929116003,-0.10032589357024453,-0.06681287887198027,,-0.049096971742933995,-0.07335859713207799,-0.10227463906672044,-0.10011244122837866,0.13457147800862962,-0.02305273342797572,0.1280004383497053,0.07388431818465295,-0.05943205834620861,0.015445076190795895,-0.044346767053327116,0.08198311036366328,-0.06212760540138941,-0.09974950368319634,0.02900736138330651,0.055606852593763086,-0.11256936633441056,0.09419543186265689,-0.08480375642823462,-0.11925391535069743,-5.691892125742973e-05,-0.06601838011841535,0.04871178933932453,0.03267437908765108,
meanCenteredHR_RMS,0.15535596775448435,-0.07714412299187341,-0.33622551404483797,-0.026358505390361508,0.0006599990763712506,0.116602791838356,-0.07996345436414651,-0.04992773786452499,-0.10393344813873309,0.018246471980754842,0.05740128086536134,0.049992979425435284,0.03184347768118218,-0.00708975655671585,-0.05988587217437576,-0.10568093606444508,-0.18423039573277042,-0.033533878057238155,-0.05081762837114053,-0.09643672718347875,-0.26912216880255013,-0.016186132945061105,0.019742777199859975,0.14625332284662024,,,0.1507294416953783,0.006058854705683389,0.026143486934182912,-0.04121734724542153,0.002092896665178361,0.04589246167171167,0.0735544431549007,0.10850611775321554,0.01298873725850922,-0.05541639078710108,,-0.1079704662774755,0.09154741294293077,-0.09257425130931031,0.22430513731689675,0.22547683837920277,0.12239381868152278,-0.020867377923093667,0.06186987250256262,0.1327896507363056,-0.1074009845266473,-0.07292708572593838,-0.0272181872413761,-0.022683187639596772,-0.03103761955225728,-0.1454612095529714,0.029133139307668674,-0.01969269755849601,-0.208599485748494,-0.20301684424340238,-0.05025790593536287,-0.04003594443282713,0.007701044509690701,0.014876400184911367,-0.10399994615920917,
meanCenteredHR_MAD,0.02835932783266199,0.028725869637419094,-0.03433914058720594,0.047628559021207634,0.09799290412401845,0.04422515435135154,-0.12170019111363481,0.20383587311187493,-0.06815703239024805,0.0036964397556784384,-0.12959343433749523,0.016878576001069748,-0.04450782833928808,0.006711707693614378,-0.06772425041402388,0.07420629135167878,0.007756959627748055,-0.04468804209169815,0.09504102456588044,0.13730547965023138,-0.06248345683668544,0.09173773383827112,0.10744343835241929,0.04701453207484225,,,0.03569167629334079,-0.011590832587265436,0.0332826858320898,0.07721040334021223,-0.12788686114488027,-0.06979287054540113,0.023846505482895717,-0.10246182299224368,-0.09876810155560764,-0.05705997558510359,,-0.054501966571148856,-0.0871507705062775,-0.08040414376267753,-0.11830114697810434,0.11757585223329041,-0.0040573520738598256,0.14521152456056033,0.06618733823519085,-0.05510503362482341,0.024979740460509575,-0.016073961421879963,0.09287922548058626,-0.061030736406726425,-0.10096917613569467,0.049959158055162725,0.09027714360056892,-0.09905881106466845,0.09173329863548009,-0.054080789556875154,-0.10731371897171214,0.02034905829492312,-0.07163069901603775,0.06688382995388743,0.053681403971695275,
meanCenteredHR_MAV,0.028245844017383993,-0.006525743114469781,-0.2142918888873036,-0.02813417030591947,0.08547214838796381,0.13696548299440317,-0.061930858999704796,0.029372060467391506,-0.08810268950417845,0.02369843830423478,-0.0324285593223399,0.06530716772070301,-0.0269464328747188,0.06583029260648623,-0.04617376738353404,-0.07688724522221106,-0.09036142314967567,-0.059871406984152595,0.019752966733031962,-0.003102512832752141,-0.2047527387635233,0.02232593310529449,0.05543154371914207,0.14212691204093386,,,0.12990279559722814,0.02960810551727129,0.12488675773596794,-0.017151702264086438,-0.08550081972485608,-0.028028757610801522,0.0566295179211029,0.04935769154327945,0.01390317516413795,-0.07010642715395714,,-0.07167383264009954,0.035218530592742534,-0.1421241513870815,0.11979160920134267,0.26875269267491675,0.09094209384540815,0.016335076453797396,0.09873962743439638,0.06654482361886267,-0.09719353536987346,-0.08951303179036532,0.023777252539037376,-0.059827317381603524,-0.04406195706095801,-0.017196343058819532,0.004494171823962815,-0.0758424643090085,-0.08805683347390549,-0.11913633931680946,-0.024998306567775297,-0.01714105088186689,-0.012463107317936787,0.07330414269576521,0.0021978017359200104,
meanCenteredHR_Median,0.15423056761787107,-0.020366229721419004,-0.34920661060897096,-0.10177827654660092,-0.05230409103324933,0.06148683189632587,-0.09115836492897368,-0.08187355371119275,-0.029906792998945678,-0.012906915683703918,0.06145881354041771,-0.0197451938255354,-0.032736871979627824,-0.01871769051366366,-0.09137410449763404,-0.16250085086133467,-0.2374272703719725,-0.07472486592640545,0.06634806902408413,-0.1239440365322052,-0.21929467783726364,0.015388000731388993,0.04891944934990754,0.08546469130280641,,,0.1408469397530324,0.06428866511749193,0.04565138714226753,-0.0023902955019599217,-0.018660903314139145,0.08426237027006708,0.0156804562644194,0.07258885270934715,0.062285367982683464,-0.015618807869031638,,-0.10551695377592563,0.12497027091478649,-0.03126025586571116,0.2264209412989086,0.18620930300714225,0.08475540416083058,-0.07702763012987647,0.032251814001859544,0.09753082052177114,-0.11460791613450902,-0.08781611986428071,-0.011607454025229363,-0.014214233950705387,-0.024309085898250357,-0.2316272681814114,0.04764359266104733,-0.0006866192425746946,-0.1948597555576406,-0.23881782976504376,-0.07081837584214747,-0.0327558924554253,-0.03364298614726092,-0.03330721115825564,-0.17225263845752348,
meanCenteredHR_P25,0.13541442006160168,-0.045987953127458424,-0.3632564583198265,-0.16042730317772652,-0.054186556655612485,0.06051866322361841,-0.04113615129458803,-0.1395381519142011,-0.040989082589155165,-0.030177249375041456,0.08503974774436647,-0.010222172237213457,-0.02367497142488391,0.014933933374793505,-0.038928348960549156,-0.20801874035304527,-0.24512254309289636,-0.06385830237808032,0.04755533394714432,-0.16046254598459558,-0.23291025065432028,-0.033503635156030616,-0.008158443391238352,0.09242280823320262,,,0.14265269325179988,0.06481288456734124,0.07210638057352353,-0.010757818796434754,-0.00576713299297998,0.06009025791434396,-0.011683813130048413,0.11773077762881404,0.08173957210203127,-0.020342120777781053,,-0.07059321507166075,0.15485093673571004,-0.03847069149985013,0.25425717136733345,0.18489357052506059,0.05687257025657494,-0.08036952185681809,0.017632037786048015,0.10287698259606565,-0.12646541800764605,-0.10362777530917436,-0.04633654025240054,-0.02612979172357766,-0.026929204721914048,-0.2392706359604858,-0.017028161080698236,0.0018911053038624304,-0.20433781424952985,-0.23705761720118498,-0.04825689621936892,-0.02038054397978616,-0.01798031470927109,-0.07106795289078338,-0.18249611578268854,
meanCenteredHR_P75,0.1500485513020243,-0.03037706465364268,-0.31266147549381496,-0.10132916908590019,-0.03203905694242407,0.05036751696068594,-0.14470434414527958,-0.00819130054919564,-0.0664810711264373,-0.020992111701476066,0.010400501883803925,-0.013421997364403667,-0.03886557246718191,-0.05387621996081773,-0.11636407780191636,-0.12558864789110322,-0.22205938616686027,-0.09664074501954631,0.0883846093191369,-0.0672773443112592,-0.20927670007197388,0.02843303361110841,0.07105698336691238,0.07728050181448803,,,0.1324785537813113,0.023389638446312963,0.013492245328679747,0.03139195425396432,-0.05470333905175118,0.05375928811180313,-0.0262015627394901,0.03223309539285916,0.029658373580181054,-0.03079631130161771,,-0.11851671900936804,0.0742294711160843,-0.025733094723408928,0.15518932703748944,0.1762323641315667,0.06398310456038016,0.0043474659535244495,0.021703349592554353,0.060277325013681236,-0.08926817990928768,-0.06393868101728098,0.008786777450365504,-0.04794342384374901,-0.054673986217999924,-0.19432730121860076,0.09410994156173084,-0.02188229806361794,-0.1868585512550357,-0.23234777077999616,-0.11379723290634389,0.0026915622421426685,-0.0497747682574126,-0.030579151287053973,-0.13414810059658938,
meanCenteredTEMP_Mean,-0.09341494250588989,0.13455409489862202,0.1368190048647063,0.12990032448855227,-0.0022658152481549727,-0.11459607578994262,0.03664566715298768,0.19933268926166886,-0.01224014180135934,-0.0858674543467964,-0.03448207392171956,-0.021690598984420502,0.0625726105851127,0.025916737312569993,0.21425033735567237,0.1379132614968356,0.17213446987507292,0.059879295763319386,0.05218017410828053,0.1348609321701266,0.13295833708209714,0.11281985703110387,0.08827690478065474,-0.04086651783525975,,,-0.02730517656454769,0.03984959850493522,-0.11969511230306597,0.20335853100427878,-0.1020650475570131,-0.02101559086781078,-0.06265281877028438,-0.10343097043231542,-0.03527505463757643,-0.05691097026395566,,0.1329008142088404,-0.13775620459115012,0.10654702427853754,-0.2221456874039784,-0.12447347141216482,0.0343522495954032,0.10847915772317394,-0.028235360744973594,-0.2962504293433497,0.08165468199414343,0.07575527287150605,0.01799108263519609,0.029863438805636258,0.049671734864704886,0.033219005457064014,0.12588701637853808,-0.02047040119294857,0.12182498815841443,0.15227166411575208,0.08074159339917135,-0.11391688793300252,-0.0021644061084397656,0.015926570424450746,-0.041956966858360284,
meanCenteredTEMP_Minimum,-0.11557526074603115,0.14370341595956393,0.15470135468975932,0.14471212572833214,0.009084552739465056,-0.09188433494209226,0.04140740916520321,0.1851873365106535,-0.03660401715723424,-0.06987798735673798,-0.03170114639272396,-0.029971685371850295,0.07331047161821769,0.05263551743278985,0.22198196840442336,0.1136642378234941,0.17121082105306948,0.054719153670971424,0.05420312875430533,0.12297506361655834,0.13629179785596998,0.10979272205603344,0.08246332765999709,-0.029505581101654504,,,-0.02205363405647272,0.04731477610024142,-0.10359827887293202,0.19687486706811744,-0.08651899713297719,0.0100113380952598,-0.02604226575490183,-0.11450116139287328,-0.042434168756543406,-0.054382530430597334,,0.1262068119826519,-0.12499324676365063,0.08123714277699635,-0.20357695237630893,-0.09866074630035855,0.05734853080405046,0.11469452155160258,-0.027669630455754164,-0.282753714680136,0.0747249418925928,0.06437718568971733,0.012379149031989934,0.04460022904635605,0.04435625146240464,0.04073571444111795,0.10841178042895838,-0.0016692130296872753,0.12795277847126688,0.1637470736727171,0.10889826262257538,-0.12344915846634513,0.027708158662631894,0.019771772717982687,-0.037265633727463617,
meanCenteredTEMP_Stdev,0.1242622908144816,-0.004746697732165657,-0.2050178522439124,-0.1352368365140239,-0.06235051301279739,-0.12840454108870458,-0.042262753455806205,0.0534431238196855,0.21174307857380303,-0.05385132419858938,-0.04652071376255875,0.04135446715048565,-0.06733554053868683,-0.15013109112354445,-0.1226327805947981,0.1163282330500837,-0.017946859427152375,0.061009661295917714,0.02102750575560772,0.04752714620209075,-0.11623224443303035,0.04425484819120392,0.09666486269812975,-0.09547601312223805,,,-0.07759652446402063,-0.05409767005138562,-0.07659579507519787,0.023329483997834383,-0.08861152742139101,-0.08357831706512157,-0.1438542173772718,0.08100154036708435,0.14208095051062536,-0.022952979517736897,,0.04627712061696007,-0.10884150268960326,0.054945098108919,-0.06950802298838894,-0.07867657264857794,-0.09469166495386502,-0.03736088285240214,-0.0008625711230088275,0.014830579836223197,-0.030559483176778004,0.08608354743425624,0.126686010488978,-0.026616390649047833,0.009118101680648298,-0.044881880683173996,0.1244173819500592,-0.0720762928414818,-0.0036530682402337337,-0.12703980415040864,-0.15112536995766623,0.07442863563405051,-0.13053784454112255,0.030641674149303355,-0.04592129489062503,
meanCenteredTEMP_RMS,0.10999474058794478,-0.14473351890150377,-0.09548346451431029,-0.08987334303682808,0.025767875857063253,0.2003873555933545,0.0382810875306105,-0.15008253572277466,-0.05677053295000296,0.12302454515845711,0.06502923839137734,0.007763950660286326,-0.015607205007222269,-0.055505782913728194,-0.15732119177799225,-0.2124034881117868,-0.11006021853283664,0.047523403502343936,-0.040920324986761715,-0.08256498139063378,-0.08013110358520448,-0.10862952032877954,-0.07115105170942723,0.0881578134527446,,,0.0537857831605826,-0.004377647820742263,0.17724591044043597,-0.12043311556195771,0.17977506429709525,0.003533662462705346,0.08467553243029226,0.13000855924405424,-0.004739473286933857,0.04723136218305386,,-0.0749124224265084,0.15014850836709268,-0.05487216485874881,0.2162500588115325,0.1565444147115489,-0.04492154101455713,-0.09710642099326677,0.09983423534189495,0.19306322491251204,-0.0696633491518257,0.01890635796107304,0.056026221355551076,0.04813829208770237,-0.10756032900650299,0.06432566489195335,-0.14990874077516209,0.04740160768531039,-0.1326625453410113,-0.09145958993585863,-0.06497292775672119,0.059182974589715005,0.020218587112844154,0.035544793003008265,0.11903178523832082,
meanCenteredTEMP_MAD,0.10590161980455838,0.022871462961277834,-0.1866385086186506,-0.12508288646743115,-0.06817118053705543,-0.14331577874233653,-0.047385167763864144,0.05852058953877881,0.22206177469884883,-0.049363909465463096,-0.046113188764589835,0.03179762102367632,-0.06982847771537397,-0.13708299957633854,-0.12021144633344573,0.11685872040243796,-0.012752155030821978,0.051316853096941256,0.022211211847993184,0.05392275888110704,-0.12420190773854166,0.06135866956933718,0.11829625682499721,-0.10572602878283067,,,-0.08718839398894958,-0.04259437384882129,-0.0823838235707026,0.022754849455932723,-0.07204986218996208,-0.051047773925755,-0.12704221720660436,0.0714960652384518,0.1560527565002424,-0.023825923368488773,,0.05640270988194366,-0.11250023491390979,0.020819086598560847,-0.06064877587767951,-0.0767799503145105,-0.06439989883866645,-0.03161642293594646,-0.012833714336364618,0.0017395871520808064,-0.045486320761270516,0.0811949751424631,0.14022335505492492,-0.01021570899781492,0.01596208155379399,-0.047590792975684554,0.14490144096507454,-0.07568087162690466,0.007978806728078805,-0.12606927783224112,-0.13458187058038287,0.06847418668437327,-0.10845080574557538,0.03584455978267338,-0.05640408342666666,
meanCenteredTEMP_MAV,0.13628562678443656,-0.1698206275730042,-0.11866716482803169,-0.10987483506040874,0.008207842385493951,0.17674167441940972,0.03422127704590165,-0.14470739131016022,-0.028979516823624003,0.10222304354672403,0.06631633040909012,0.019849352767255208,-0.02842430550617237,-0.07820589561340496,-0.16470468199198487,-0.19033489120522373,-0.11118010731464051,0.05250208012758122,-0.048146124076643905,-0.07709464691678022,-0.08374728492314741,-0.12105061245532231,-0.08361567378411366,0.08486751135882571,,,0.05751747953612824,-0.01957288756468911,0.16824076253034476,-0.11810738613653715,0.16363592838249183,-0.03436625653790297,0.04953692932020324,0.14514323050691952,-0.009036954586271097,0.04668637921491871,,-0.06833393352999431,0.15491353351888315,-0.02727621443683984,0.20637770024107172,0.13206054065009673,-0.07811901382530619,-0.10032412523049263,0.0966268804487164,0.1937641568752034,-0.06238864129240569,0.028383481575444014,0.05521796444383708,0.02633122608144931,-0.10399792913177312,0.051584574644713305,-0.1539004411156309,0.020450118422248025,-0.1390973352237156,-0.10401141108505933,-0.10461146109258791,0.07839250854984514,-0.01525961415777564,0.026629085170752097,0.11525410050996213,
meanCenteredTEMP_Median,-0.093684997633975,0.1346524952225744,0.13770935873077736,0.12931979016033307,-0.0029701561029347066,-0.11553561057401879,0.037362799520477684,0.20023871110179095,-0.010124893296962879,-0.0876636963418274,-0.03835125849603985,-0.02481812985423613,0.058845601256929295,0.022724097748125803,0.21194045570986736,0.14137923234116928,0.1700487966428552,0.05777732373300035,0.04685306570810605,0.13615804153404604,0.13381077278101006,0.11282352643097468,0.08919113913431789,-0.04178714653321007,,,-0.02410691958173601,0.03963451001247587,-0.12192403034469468,0.20467290952401768,-0.10122084281238346,-0.02387758954884923,-0.06513145532877428,-0.10574897219418736,-0.03599940410910794,-0.05745387212348631,,0.13679212754493128,-0.14100098584819928,0.10957898450289456,-0.22748534844413482,-0.12967229595449295,0.03406335818270093,0.10631100745456704,-0.027649161307819782,-0.29602054677472744,0.08520571595245227,0.07529922447722827,0.01811043250316616,0.03135026356011893,0.04715317325926118,0.03470766752673295,0.1287661342257503,-0.023638374437080743,0.12310987498766089,0.15507321238634278,0.07469648676627963,-0.11209800739694904,-0.0018189031305482204,0.01770973300056151,-0.03986129417528632,
meanCenteredTEMP_P25,-0.10029353774823165,0.13138813971747143,0.14778082244299978,0.13605259451050025,0.0011430014870453511,-0.10443526823811158,0.04129229835050627,0.19314061965569507,-0.027608066766104035,-0.08311984835735484,-0.03069822638021934,-0.02221891490695604,0.06744817480923818,0.03438460996128931,0.2228826558725073,0.13113371082739883,0.17382634390500118,0.05640989629173992,0.052639401640795266,0.1317569362199073,0.14135329696938748,0.10688609354661252,0.07716335291194441,-0.03356756417386018,,,-0.020757839907536383,0.042601288779929636,-0.11409304467465443,0.20078417504151577,-0.09782546778594557,-0.023393872280701264,-0.055655555265626176,-0.10396170170007242,-0.044653247521889684,-0.05347297832697373,,0.12699393522585248,-0.12834709815135723,0.11055756641972528,-0.21767849061248923,-0.12174364462010821,0.03402420114825144,0.10934500037242992,-0.025427440965338576,-0.2930108137152681,0.09125908229744716,0.0699520244422338,0.006362161872361781,0.028053002571805888,0.05085401631276127,0.03770210045889639,0.11368631542829948,-0.015403231861537331,0.12209198758536097,0.1584334808579528,0.09155398676933202,-0.11773662345912034,0.0007052789581158622,0.014905378556039703,-0.0358504395316329,
meanCenteredTEMP_P75,-0.09037489777479443,0.13823337400877359,0.12785995983165305,0.12252192641443978,-0.008994673650854436,-0.12518844007286065,0.032351026154716654,0.20125245065190744,0.0018392441281454106,-0.09026401242486196,-0.03444401249196405,-0.019353962389093864,0.05665664331144237,0.01665640701901423,0.20720149901353838,0.1453527241136515,0.17287180657749443,0.06201781554688138,0.05327908454457682,0.1376717686940548,0.12448154093650819,0.11718027013364735,0.09494764530685947,-0.0507318587489263,,,-0.033480189216961435,0.03596343561397935,-0.12419806838883175,0.2014917769951545,-0.1051379288799759,-0.021483230032904782,-0.06857022731585753,-0.10077862739154139,-0.024296063257739975,-0.057857998650724066,,0.13662183397168237,-0.1432766378099309,0.10239520022667802,-0.22667952590925863,-0.1314547758142147,0.0310962538073498,0.10673605866994049,-0.030512760090668816,-0.29801252599249656,0.07904938158330535,0.07999083777008952,0.026549554342881837,0.029927490254115337,0.05390436088503065,0.029480876820161414,0.136857394614926,-0.025300560629749794,0.1245868626966678,0.14481305168711495,0.07190874320325985,-0.11347610077754018,-0.006360182061513251,0.015981198522574725,-0.046350810534756766,
